-- phpMyAdmin SQL Dump
-- version 5.2.1
-- https://www.phpmyadmin.net/
--
-- Host: 127.0.0.1
-- Generation Time: May 12, 2026 at 12:38 AM
-- Server version: 10.4.32-MariaDB
-- PHP Version: 8.0.30

SET SQL_MODE = "NO_AUTO_VALUE_ON_ZERO";
START TRANSACTION;
SET time_zone = "+00:00";


/*!40101 SET @OLD_CHARACTER_SET_CLIENT=@@CHARACTER_SET_CLIENT */;
/*!40101 SET @OLD_CHARACTER_SET_RESULTS=@@CHARACTER_SET_RESULTS */;
/*!40101 SET @OLD_COLLATION_CONNECTION=@@COLLATION_CONNECTION */;
/*!40101 SET NAMES utf8mb4 */;

--
-- Database: `budget_tracker`
--

-- --------------------------------------------------------

--
-- Table structure for table `categories`
--

CREATE TABLE `categories` (
  `category_id` int(11) NOT NULL,
  `user_id` int(11) DEFAULT NULL,
  `category_name` varchar(255) DEFAULT NULL,
  `monthly_limit` decimal(10,2) DEFAULT NULL
) ENGINE=InnoDB DEFAULT CHARSET=utf8mb4 COLLATE=utf8mb4_general_ci;

--
-- Dumping data for table `categories`
--

INSERT INTO `categories` (`category_id`, `user_id`, `category_name`, `monthly_limit`) VALUES
(1, 1, 'Food & Dining', 500.00),
(2, 2, 'Transportation', 300.00),
(3, 3, 'Entertainment', 200.00),
(4, 4, 'Healthcare', 400.00),
(5, 5, 'Shopping', 600.00),
(6, 6, 'Utilities', 250.00),
(7, 7, 'Education', 350.00),
(8, 8, 'Travel', 800.00),
(9, 9, 'Fitness & Sports', 150.00),
(10, 10, 'Savings', 1000.00),
(12, NULL, 'Vegetables', 400.00),
(13, NULL, 'Vegetables', 400.00),
(14, NULL, 'Vegetables', 400.00);

-- --------------------------------------------------------

--
-- Table structure for table `expenses`
--

CREATE TABLE `expenses` (
  `expense_id` int(11) NOT NULL,
  `user_id` int(11) DEFAULT NULL,
  `category_id` int(11) DEFAULT NULL,
  `amount` decimal(10,2) DEFAULT NULL,
  `description` varchar(255) DEFAULT NULL,
  `expense_date` date DEFAULT NULL,
  `created_at` timestamp NULL DEFAULT current_timestamp(),
  `updated_at` timestamp NULL DEFAULT current_timestamp() ON UPDATE current_timestamp()
) ENGINE=InnoDB DEFAULT CHARSET=utf8mb4 COLLATE=utf8mb4_general_ci;

--
-- Dumping data for table `expenses`
--

INSERT INTO `expenses` (`expense_id`, `user_id`, `category_id`, `amount`, `description`, `expense_date`, `created_at`, `updated_at`) VALUES
(1, 1, 1, 45.50, 'Lunch at restaurant', '2024-01-15', '2026-04-21 12:11:18', '2026-04-21 12:11:18'),
(2, 2, 2, 30.00, 'Grab taxi to office', '2024-01-16', '2026-04-21 12:11:18', '2026-04-21 12:11:18'),
(3, 3, 3, 15.99, 'Netflix subscription', '2024-01-17', '2026-04-21 12:11:18', '2026-04-21 12:11:18'),
(4, 4, 4, 120.00, 'Doctor consultation fee', '2024-01-18', '2026-04-21 12:11:18', '2026-04-21 12:11:18'),
(5, 5, 5, 250.75, 'Online shopping clothes', '2024-01-19', '2026-04-21 12:11:18', '2026-04-21 12:11:18'),
(6, 6, 6, 85.00, 'Electricity bill payment', '2024-01-20', '2026-04-21 12:11:18', '2026-04-21 12:11:18'),
(7, 7, 7, 199.99, 'Online course purchase', '2024-01-21', '2026-04-21 12:11:18', '2026-04-21 12:11:18'),
(8, 8, 8, 550.00, 'Flight ticket booking', '2024-01-22', '2026-04-21 12:11:18', '2026-04-21 12:11:18'),
(9, 9, 9, 50.00, 'Gym monthly membership', '2024-01-23', '2026-04-21 12:11:18', '2026-04-21 12:11:18'),
(10, 10, 10, 1000.00, 'Monthly savings deposit', '2024-01-24', '2026-04-21 12:11:18', '2026-04-21 12:11:18');

-- --------------------------------------------------------

--
-- Table structure for table `transactions`
--

CREATE TABLE `transactions` (
  `transaction_id` int(11) NOT NULL,
  `user_id` int(11) DEFAULT NULL,
  `category_id` int(11) DEFAULT NULL,
  `amount` decimal(10,2) DEFAULT NULL,
  `type` enum('income','expense') DEFAULT NULL,
  `description` varchar(255) DEFAULT NULL,
  `transaction_date` date DEFAULT NULL,
  `created_at` timestamp NULL DEFAULT current_timestamp(),
  `updated_at` timestamp NULL DEFAULT current_timestamp() ON UPDATE current_timestamp()
) ENGINE=InnoDB DEFAULT CHARSET=utf8mb4 COLLATE=utf8mb4_general_ci;

--
-- Dumping data for table `transactions`
--

INSERT INTO `transactions` (`transaction_id`, `user_id`, `category_id`, `amount`, `type`, `description`, `transaction_date`, `created_at`, `updated_at`) VALUES
(1, 1, NULL, 199.99, 'expense', 'Online course purchase', '2024-01-21', '2026-04-30 21:35:50', '2026-05-11 16:03:46'),
(2, 1, NULL, 250.75, NULL, 'Online shopping clothes', '2024-01-19', '2026-04-30 21:35:50', '2026-04-30 23:11:22'),
(3, 1, NULL, 2500.00, NULL, 'Salary January', '2024-01-01', '2026-04-30 21:37:03', '2026-04-30 23:11:22'),
(4, 1, NULL, -150.50, NULL, 'Groceries', '2024-01-02', '2026-04-30 21:37:03', '2026-04-30 23:11:22'),
(5, 1, NULL, -80.00, NULL, 'Electricity bill', '2024-01-03', '2026-04-30 21:37:03', '2026-04-30 23:11:22'),
(6, 2, NULL, -120.75, NULL, 'Internet bill', '2024-01-04', '2026-04-30 21:37:03', '2026-04-30 23:11:23'),
(7, 2, NULL, 300.00, NULL, 'Freelance work', '2024-01-05', '2026-04-30 21:37:03', '2026-04-30 23:11:23'),
(8, 2, NULL, -45.00, NULL, 'Transportation', '2024-01-06', '2026-04-30 21:37:03', '2026-04-30 23:11:23'),
(9, 2, NULL, -60.00, NULL, 'Restaurant dinner', '2024-01-07', '2026-04-30 21:37:03', '2026-04-30 23:11:23'),
(10, 2, NULL, -25.00, NULL, 'Coffee & snacks', '2024-01-08', '2026-04-30 21:37:03', '2026-04-30 23:11:23'),
(11, 3, NULL, -200.00, NULL, 'Clothing shopping', '2024-01-09', '2026-04-30 21:37:03', '2026-04-30 23:11:23'),
(12, 3, NULL, 1000.00, NULL, 'Bonus', '2024-01-10', '2026-04-30 21:37:03', '2026-04-30 23:11:23'),
(13, 3, NULL, -75.00, NULL, 'Fuel', '2024-01-11', '2026-04-30 21:37:03', '2026-04-30 23:11:23'),
(14, 3, NULL, -300.00, NULL, 'Rent', '2024-01-12', '2026-04-30 21:37:03', '2026-04-30 23:11:23'),
(15, 3, NULL, -90.00, NULL, 'Gym membership', '2024-01-13', '2026-04-30 21:37:03', '2026-04-30 23:11:23'),
(16, 4, NULL, 150.00, NULL, 'Sold old items', '2024-01-14', '2026-04-30 21:37:03', '2026-04-30 23:11:23'),
(17, 4, NULL, -40.00, NULL, 'Movie night', '2024-01-15', '2026-04-30 21:37:03', '2026-04-30 23:11:23'),
(18, 4, NULL, -110.00, NULL, 'Medical expense', '2024-01-16', '2026-04-30 21:37:03', '2026-04-30 23:11:23'),
(19, 4, NULL, 200.00, NULL, 'Part-time job', '2024-01-17', '2026-04-30 21:37:03', '2026-04-30 23:11:23'),
(20, 4, NULL, -70.00, NULL, 'Mobile recharge', '2024-01-18', '2026-04-30 21:37:03', '2026-04-30 23:11:23'),
(21, 5, NULL, -130.00, NULL, 'Online shopping', '2024-01-19', '2026-04-30 21:37:03', '2026-04-30 23:11:23'),
(22, 5, NULL, -55.00, NULL, 'Taxi fare', '2024-01-20', '2026-04-30 21:37:03', '2026-04-30 23:11:23'),
(23, 1, 1, 4500.00, 'income', 'Monthly Salary', '2026-05-11', '2026-05-11 15:40:21', '2026-05-11 15:40:21'),
(24, 1, 2, -120.00, 'expense', 'Metro Transport', '2026-05-11', '2026-05-11 15:40:21', '2026-05-11 15:40:21'),
(25, 1, 3, -80.00, 'expense', 'Netflix Subscription', '2026-05-11', '2026-05-11 15:40:21', '2026-05-11 15:40:21'),
(26, 1, 4, -300.00, 'expense', 'Hospital Checkup', '2026-05-11', '2026-05-11 15:40:21', '2026-05-11 15:40:21'),
(27, 1, 5, -450.00, 'expense', 'Shopping Mall Purchase', '2026-05-11', '2026-05-11 15:40:21', '2026-05-11 15:40:21'),
(28, 1, 6, -150.00, 'expense', 'Electricity Bill', '2026-05-11', '2026-05-11 15:40:21', '2026-05-11 15:40:21'),
(29, 1, 7, -200.00, 'expense', 'Programming Course', '2026-05-11', '2026-05-11 15:40:21', '2026-05-11 15:40:21'),
(30, 1, 8, 1200.00, 'income', 'Freelance Project', '2026-05-11', '2026-05-11 15:40:21', '2026-05-11 15:40:21'),
(31, 1, 9, -90.00, 'expense', 'Gym Membership', '2026-05-11', '2026-05-11 15:40:21', '2026-05-11 15:40:21'),
(32, 1, 10, 700.00, 'income', 'Bonus Payment', '2026-05-11', '2026-05-11 15:40:21', '2026-05-11 15:40:21'),
(33, 16, 5, 4044.14, 'expense', 'Daily Expense', '2026-05-01', '2026-05-11 19:55:05', '2026-05-11 19:55:05'),
(34, 16, 3, 4359.89, 'expense', 'Daily Expense', '2026-05-05', '2026-05-11 19:55:05', '2026-05-11 19:55:05'),
(35, 16, 4, 3107.48, 'income', 'Salary Payment', '2026-04-21', '2026-05-11 19:55:05', '2026-05-11 19:55:05'),
(36, 16, 5, 106.64, 'income', 'Salary Payment', '2026-02-15', '2026-05-11 19:55:05', '2026-05-11 19:55:05'),
(37, 16, 5, -1455.07, 'expense', 'Salary Payment', '2026-04-15', '2026-05-11 19:55:05', '2026-05-11 19:55:05'),
(38, 16, 6, -650.92, 'income', 'Daily Expense', '2026-05-07', '2026-05-11 19:55:05', '2026-05-11 19:55:05'),
(39, 16, 2, 2225.14, 'income', 'Daily Expense', '2026-03-21', '2026-05-11 19:55:05', '2026-05-11 19:55:05'),
(40, 16, 9, -318.79, 'income', 'Daily Expense', '2026-02-17', '2026-05-11 19:55:05', '2026-05-11 19:55:05'),
(41, 16, 2, -528.02, 'expense', 'Daily Expense', '2026-03-31', '2026-05-11 19:55:05', '2026-05-11 19:55:05'),
(42, 16, 4, -1104.16, 'expense', 'Daily Expense', '2026-03-16', '2026-05-11 19:55:05', '2026-05-11 19:55:05'),
(43, 16, 6, 2602.79, 'expense', 'Salary Payment', '2026-05-11', '2026-05-11 19:55:05', '2026-05-11 19:55:05'),
(44, 16, 2, 1166.62, 'expense', 'Daily Expense', '2026-02-27', '2026-05-11 19:55:05', '2026-05-11 19:55:05'),
(45, 16, 3, 4313.29, 'expense', 'Daily Expense', '2026-04-17', '2026-05-11 19:55:05', '2026-05-11 19:55:05'),
(46, 16, 9, 107.24, 'expense', 'Daily Expense', '2026-03-03', '2026-05-11 19:55:05', '2026-05-11 19:55:05'),
(47, 16, 3, 4556.47, 'expense', 'Daily Expense', '2026-04-05', '2026-05-11 19:55:05', '2026-05-11 19:55:05'),
(48, 16, 8, -198.81, 'expense', 'Daily Expense', '2026-05-04', '2026-05-11 19:55:05', '2026-05-11 19:55:05'),
(49, 16, 6, -1252.33, 'income', 'Daily Expense', '2026-02-16', '2026-05-11 19:55:05', '2026-05-11 19:55:05'),
(50, 16, 8, 1732.96, 'income', 'Salary Payment', '2026-02-26', '2026-05-11 19:55:05', '2026-05-11 19:55:05'),
(51, 16, 7, 1217.81, 'expense', 'Salary Payment', '2026-03-19', '2026-05-11 19:55:05', '2026-05-11 19:55:05'),
(52, 16, 10, 3311.09, 'income', 'Salary Payment', '2026-04-16', '2026-05-11 19:55:05', '2026-05-11 19:55:05'),
(53, 16, 1, 2823.93, 'expense', 'Salary Payment', '2026-02-23', '2026-05-11 19:55:05', '2026-05-11 19:55:05'),
(54, 16, 5, 297.23, 'expense', 'Daily Expense', '2026-02-15', '2026-05-11 19:55:05', '2026-05-11 19:55:05'),
(55, 16, 10, 981.42, 'income', 'Salary Payment', '2026-04-08', '2026-05-11 19:55:05', '2026-05-11 19:55:05'),
(56, 16, 10, 4825.43, 'expense', 'Salary Payment', '2026-03-20', '2026-05-11 19:55:05', '2026-05-11 19:55:05'),
(57, 16, 3, -62.26, 'expense', 'Daily Expense', '2026-02-15', '2026-05-11 19:55:05', '2026-05-11 19:55:05'),
(58, 19, 1, 4641.67, 'income', 'Daily Expense', '2026-02-13', '2026-05-11 19:55:05', '2026-05-11 19:55:05'),
(59, 19, 8, 1773.08, 'income', 'Daily Expense', '2026-03-28', '2026-05-11 19:55:05', '2026-05-11 19:55:05'),
(60, 19, 2, -503.40, 'expense', 'Daily Expense', '2026-02-19', '2026-05-11 19:55:05', '2026-05-11 19:55:05'),
(61, 19, 9, -413.98, 'expense', 'Daily Expense', '2026-02-13', '2026-05-11 19:55:05', '2026-05-11 19:55:05'),
(62, 19, 10, 2631.69, 'income', 'Daily Expense', '2026-04-27', '2026-05-11 19:55:05', '2026-05-11 19:55:05'),
(63, 19, 7, 1758.92, 'expense', 'Daily Expense', '2026-04-28', '2026-05-11 19:55:05', '2026-05-11 19:55:05'),
(64, 19, 10, -614.05, 'expense', 'Daily Expense', '2026-02-18', '2026-05-11 19:55:05', '2026-05-11 19:55:05'),
(65, 19, 8, -719.30, 'income', 'Daily Expense', '2026-02-23', '2026-05-11 19:55:05', '2026-05-11 19:55:05'),
(66, 19, 1, -711.58, 'income', 'Daily Expense', '2026-04-26', '2026-05-11 19:55:05', '2026-05-11 19:55:05'),
(67, 19, 1, 3342.99, 'income', 'Salary Payment', '2026-04-13', '2026-05-11 19:55:05', '2026-05-11 19:55:05'),
(68, 19, 1, -762.47, 'expense', 'Salary Payment', '2026-03-22', '2026-05-11 19:55:05', '2026-05-11 19:55:05'),
(69, 19, 2, -625.21, 'expense', 'Salary Payment', '2026-04-04', '2026-05-11 19:55:05', '2026-05-11 19:55:05'),
(70, 19, 10, 1327.20, 'expense', 'Salary Payment', '2026-04-15', '2026-05-11 19:55:05', '2026-05-11 19:55:05'),
(71, 19, 10, 131.23, 'income', 'Salary Payment', '2026-03-25', '2026-05-11 19:55:05', '2026-05-11 19:55:05'),
(72, 19, 4, -1113.39, 'expense', 'Daily Expense', '2026-03-20', '2026-05-11 19:55:05', '2026-05-11 19:55:05'),
(73, 19, 8, -471.58, 'expense', 'Daily Expense', '2026-02-27', '2026-05-11 19:55:05', '2026-05-11 19:55:05'),
(74, 19, 10, -1206.20, 'income', 'Daily Expense', '2026-03-18', '2026-05-11 19:55:05', '2026-05-11 19:55:05'),
(75, 19, 7, 3243.28, 'income', 'Salary Payment', '2026-02-16', '2026-05-11 19:55:05', '2026-05-11 19:55:05'),
(76, 19, 10, 2798.06, 'expense', 'Salary Payment', '2026-03-11', '2026-05-11 19:55:05', '2026-05-11 19:55:05'),
(77, 19, 1, -179.37, 'income', 'Daily Expense', '2026-04-01', '2026-05-11 19:55:05', '2026-05-11 19:55:05'),
(78, 19, 10, 4882.14, 'expense', 'Daily Expense', '2026-04-17', '2026-05-11 19:55:05', '2026-05-11 19:55:05'),
(79, 19, 6, 3194.05, 'income', 'Salary Payment', '2026-04-17', '2026-05-11 19:55:05', '2026-05-11 19:55:05'),
(80, 19, 4, 3771.76, 'income', 'Salary Payment', '2026-03-26', '2026-05-11 19:55:05', '2026-05-11 19:55:05'),
(81, 19, 3, 500.23, 'income', 'Salary Payment', '2026-03-19', '2026-05-11 19:55:05', '2026-05-11 19:55:05'),
(82, 19, 3, -989.52, 'income', 'Salary Payment', '2026-02-12', '2026-05-11 19:55:05', '2026-05-11 19:55:05'),
(83, 1, 1, -718.25, 'expense', 'Salary Payment', '2026-04-24', '2026-05-11 19:55:05', '2026-05-11 19:55:05'),
(84, 1, 10, -832.50, 'income', 'Daily Expense', '2026-03-29', '2026-05-11 19:55:05', '2026-05-11 19:55:05'),
(85, 1, 1, 3810.22, 'expense', 'Daily Expense', '2026-04-18', '2026-05-11 19:55:05', '2026-05-11 19:55:05'),
(86, 1, 1, -1128.19, 'income', 'Daily Expense', '2026-03-28', '2026-05-11 19:55:05', '2026-05-11 19:55:05'),
(87, 1, 3, 2606.93, 'income', 'Daily Expense', '2026-03-15', '2026-05-11 19:55:05', '2026-05-11 19:55:05'),
(88, 1, 10, 4072.20, 'expense', 'Daily Expense', '2026-04-21', '2026-05-11 19:55:05', '2026-05-11 19:55:05'),
(89, 1, 2, -54.93, 'income', 'Salary Payment', '2026-05-08', '2026-05-11 19:55:05', '2026-05-11 19:55:05'),
(90, 1, 3, -1107.64, 'expense', 'Daily Expense', '2026-03-31', '2026-05-11 19:55:05', '2026-05-11 19:55:05'),
(91, 1, 6, -248.67, 'income', 'Salary Payment', '2026-05-07', '2026-05-11 19:55:05', '2026-05-11 19:55:05'),
(92, 1, 6, 2563.72, 'income', 'Daily Expense', '2026-05-07', '2026-05-11 19:55:05', '2026-05-11 19:55:05'),
(93, 1, 2, 2124.46, 'income', 'Daily Expense', '2026-04-29', '2026-05-11 19:55:05', '2026-05-11 19:55:05'),
(94, 1, 7, 1238.90, 'income', 'Daily Expense', '2026-03-31', '2026-05-11 19:55:05', '2026-05-11 19:55:05'),
(95, 1, 9, 1723.42, 'income', 'Daily Expense', '2026-03-13', '2026-05-11 19:55:05', '2026-05-11 19:55:05'),
(96, 1, 4, 2090.16, 'income', 'Salary Payment', '2026-02-20', '2026-05-11 19:55:05', '2026-05-11 19:55:05'),
(97, 1, 9, 1208.43, 'expense', 'Salary Payment', '2026-04-01', '2026-05-11 19:55:05', '2026-05-11 19:55:05'),
(98, 1, 6, -1031.27, 'income', 'Daily Expense', '2026-04-14', '2026-05-11 19:55:05', '2026-05-11 19:55:05'),
(99, 1, 4, 4135.56, 'expense', 'Salary Payment', '2026-04-14', '2026-05-11 19:55:05', '2026-05-11 19:55:05'),
(100, 1, 9, -97.68, 'expense', 'Salary Payment', '2026-04-27', '2026-05-11 19:55:05', '2026-05-11 19:55:05'),
(101, 1, 10, -577.18, 'expense', 'Daily Expense', '2026-03-13', '2026-05-11 19:55:05', '2026-05-11 19:55:05'),
(102, 1, 9, -298.38, 'expense', 'Salary Payment', '2026-03-30', '2026-05-11 19:55:05', '2026-05-11 19:55:05'),
(103, 1, 1, 3057.52, 'expense', 'Salary Payment', '2026-03-30', '2026-05-11 19:55:05', '2026-05-11 19:55:05'),
(104, 1, 8, -1514.66, 'expense', 'Salary Payment', '2026-04-14', '2026-05-11 19:55:05', '2026-05-11 19:55:05'),
(105, 1, 9, -487.02, 'expense', 'Salary Payment', '2026-02-12', '2026-05-11 19:55:05', '2026-05-11 19:55:05'),
(106, 1, 6, 478.71, 'expense', 'Salary Payment', '2026-04-04', '2026-05-11 19:55:05', '2026-05-11 19:55:05'),
(107, 1, 4, -453.62, 'income', 'Daily Expense', '2026-04-16', '2026-05-11 19:55:05', '2026-05-11 19:55:05'),
(108, 11, 4, 1894.12, 'income', 'Daily Expense', '2026-05-05', '2026-05-11 19:55:05', '2026-05-11 19:55:05'),
(109, 11, 10, 4783.26, 'expense', 'Salary Payment', '2026-05-08', '2026-05-11 19:55:05', '2026-05-11 19:55:05'),
(110, 11, 8, 2128.46, 'income', 'Salary Payment', '2026-03-23', '2026-05-11 19:55:05', '2026-05-11 19:55:05'),
(111, 11, 4, -1106.23, 'expense', 'Daily Expense', '2026-03-19', '2026-05-11 19:55:05', '2026-05-11 19:55:05'),
(112, 11, 6, 4197.35, 'expense', 'Salary Payment', '2026-04-04', '2026-05-11 19:55:05', '2026-05-11 19:55:05'),
(113, 11, 9, 224.58, 'expense', 'Daily Expense', '2026-02-28', '2026-05-11 19:55:05', '2026-05-11 19:55:05'),
(114, 11, 10, 3738.13, 'expense', 'Salary Payment', '2026-03-30', '2026-05-11 19:55:05', '2026-05-11 19:55:05'),
(115, 11, 7, 1881.17, 'expense', 'Salary Payment', '2026-03-12', '2026-05-11 19:55:05', '2026-05-11 19:55:05'),
(116, 11, 9, -379.47, 'income', 'Salary Payment', '2026-04-05', '2026-05-11 19:55:05', '2026-05-11 19:55:05'),
(117, 11, 10, 947.21, 'expense', 'Salary Payment', '2026-03-08', '2026-05-11 19:55:05', '2026-05-11 19:55:05'),
(118, 11, 10, 894.60, 'income', 'Daily Expense', '2026-04-21', '2026-05-11 19:55:05', '2026-05-11 19:55:05'),
(119, 11, 9, -1531.52, 'expense', 'Daily Expense', '2026-02-24', '2026-05-11 19:55:05', '2026-05-11 19:55:05'),
(120, 11, 6, -1498.14, 'expense', 'Salary Payment', '2026-04-05', '2026-05-11 19:55:05', '2026-05-11 19:55:05'),
(121, 11, 4, -894.48, 'income', 'Salary Payment', '2026-05-09', '2026-05-11 19:55:05', '2026-05-11 19:55:05'),
(122, 11, 3, -1438.29, 'expense', 'Daily Expense', '2026-04-12', '2026-05-11 19:55:05', '2026-05-11 19:55:05'),
(123, 11, 5, -1541.25, 'income', 'Daily Expense', '2026-03-04', '2026-05-11 19:55:05', '2026-05-11 19:55:05'),
(124, 11, 1, 1418.16, 'income', 'Salary Payment', '2026-03-30', '2026-05-11 19:55:05', '2026-05-11 19:55:05'),
(125, 11, 2, 1409.40, 'income', 'Daily Expense', '2026-04-11', '2026-05-11 19:55:05', '2026-05-11 19:55:05'),
(126, 11, 10, 3642.09, 'income', 'Salary Payment', '2026-03-15', '2026-05-11 19:55:05', '2026-05-11 19:55:05'),
(127, 11, 5, -1120.80, 'expense', 'Daily Expense', '2026-02-15', '2026-05-11 19:55:05', '2026-05-11 19:55:05'),
(128, 11, 7, -1207.13, 'income', 'Salary Payment', '2026-05-07', '2026-05-11 19:55:05', '2026-05-11 19:55:05'),
(129, 11, 5, -62.02, 'expense', 'Salary Payment', '2026-04-10', '2026-05-11 19:55:05', '2026-05-11 19:55:05'),
(130, 11, 5, -777.73, 'income', 'Daily Expense', '2026-03-31', '2026-05-11 19:55:05', '2026-05-11 19:55:05'),
(131, 11, 6, -1436.82, 'income', 'Salary Payment', '2026-03-30', '2026-05-11 19:55:05', '2026-05-11 19:55:05'),
(132, 11, 3, 2540.83, 'income', 'Daily Expense', '2026-04-04', '2026-05-11 19:55:05', '2026-05-11 19:55:05'),
(133, 2, 8, 4649.48, 'income', 'Daily Expense', '2026-03-16', '2026-05-11 19:55:05', '2026-05-11 19:55:05'),
(134, 2, 3, -532.87, 'expense', 'Salary Payment', '2026-02-18', '2026-05-11 19:55:05', '2026-05-11 19:55:05'),
(135, 2, 2, -874.96, 'expense', 'Salary Payment', '2026-04-16', '2026-05-11 19:55:05', '2026-05-11 19:55:05'),
(136, 2, 4, 2325.65, 'expense', 'Salary Payment', '2026-05-04', '2026-05-11 19:55:05', '2026-05-11 19:55:05'),
(137, 2, 2, 4433.48, 'expense', 'Salary Payment', '2026-05-10', '2026-05-11 19:55:05', '2026-05-11 19:55:05'),
(138, 2, 8, 2877.12, 'expense', 'Salary Payment', '2026-05-01', '2026-05-11 19:55:05', '2026-05-11 19:55:05'),
(139, 2, 5, 4619.65, 'income', 'Daily Expense', '2026-04-14', '2026-05-11 19:55:05', '2026-05-11 19:55:05'),
(140, 2, 8, 2294.69, 'expense', 'Daily Expense', '2026-03-07', '2026-05-11 19:55:05', '2026-05-11 19:55:05'),
(141, 2, 7, 2806.07, 'expense', 'Salary Payment', '2026-03-19', '2026-05-11 19:55:05', '2026-05-11 19:55:05'),
(142, 2, 7, 2865.94, 'expense', 'Salary Payment', '2026-04-11', '2026-05-11 19:55:05', '2026-05-11 19:55:05'),
(143, 2, 9, -1534.62, 'income', 'Daily Expense', '2026-05-03', '2026-05-11 19:55:05', '2026-05-11 19:55:05'),
(144, 2, 2, 3436.88, 'expense', 'Daily Expense', '2026-02-20', '2026-05-11 19:55:05', '2026-05-11 19:55:05'),
(145, 2, 5, -1010.00, 'expense', 'Daily Expense', '2026-05-10', '2026-05-11 19:55:05', '2026-05-11 19:55:05'),
(146, 2, 8, 4746.63, 'income', 'Daily Expense', '2026-02-16', '2026-05-11 19:55:05', '2026-05-11 19:55:05'),
(147, 2, 6, 4841.24, 'income', 'Daily Expense', '2026-03-24', '2026-05-11 19:55:05', '2026-05-11 19:55:05'),
(148, 2, 4, -197.80, 'income', 'Salary Payment', '2026-03-30', '2026-05-11 19:55:05', '2026-05-11 19:55:05'),
(149, 2, 7, -66.55, 'expense', 'Daily Expense', '2026-04-26', '2026-05-11 19:55:05', '2026-05-11 19:55:05'),
(150, 2, 8, -303.55, 'income', 'Salary Payment', '2026-02-13', '2026-05-11 19:55:05', '2026-05-11 19:55:05'),
(151, 2, 6, 3217.20, 'expense', 'Daily Expense', '2026-03-29', '2026-05-11 19:55:05', '2026-05-11 19:55:05'),
(152, 2, 8, -235.29, 'income', 'Salary Payment', '2026-03-06', '2026-05-11 19:55:05', '2026-05-11 19:55:05'),
(153, 2, 8, 2198.03, 'income', 'Salary Payment', '2026-03-06', '2026-05-11 19:55:05', '2026-05-11 19:55:05'),
(154, 2, 2, 3938.93, 'income', 'Daily Expense', '2026-03-30', '2026-05-11 19:55:05', '2026-05-11 19:55:05'),
(155, 2, 4, -772.48, 'expense', 'Daily Expense', '2026-03-15', '2026-05-11 19:55:05', '2026-05-11 19:55:05'),
(156, 2, 2, 4307.91, 'expense', 'Daily Expense', '2026-04-27', '2026-05-11 19:55:05', '2026-05-11 19:55:05'),
(157, 2, 8, -878.43, 'income', 'Salary Payment', '2026-03-09', '2026-05-11 19:55:05', '2026-05-11 19:55:05'),
(158, 12, 10, 1600.95, 'income', 'Daily Expense', '2026-05-08', '2026-05-11 19:55:05', '2026-05-11 19:55:05'),
(159, 12, 7, -631.88, 'expense', 'Daily Expense', '2026-02-24', '2026-05-11 19:55:05', '2026-05-11 19:55:05'),
(160, 12, 7, 4713.31, 'income', 'Salary Payment', '2026-03-07', '2026-05-11 19:55:05', '2026-05-11 19:55:05'),
(161, 12, 10, -670.54, 'income', 'Salary Payment', '2026-04-05', '2026-05-11 19:55:05', '2026-05-11 19:55:05'),
(162, 12, 5, -1068.28, 'expense', 'Salary Payment', '2026-04-22', '2026-05-11 19:55:05', '2026-05-11 19:55:05'),
(163, 12, 5, 2290.36, 'income', 'Salary Payment', '2026-05-07', '2026-05-11 19:55:05', '2026-05-11 19:55:05'),
(164, 12, 5, -237.67, 'income', 'Salary Payment', '2026-03-12', '2026-05-11 19:55:05', '2026-05-11 19:55:05'),
(165, 12, 6, 3094.83, 'expense', 'Daily Expense', '2026-03-10', '2026-05-11 19:55:05', '2026-05-11 19:55:05'),
(166, 12, 10, 4233.56, 'income', 'Salary Payment', '2026-04-20', '2026-05-11 19:55:05', '2026-05-11 19:55:05'),
(167, 12, 3, -1059.64, 'income', 'Salary Payment', '2026-04-02', '2026-05-11 19:55:05', '2026-05-11 19:55:05'),
(168, 12, 3, 3989.55, 'expense', 'Salary Payment', '2026-04-02', '2026-05-11 19:55:05', '2026-05-11 19:55:05'),
(169, 12, 4, 4760.13, 'income', 'Daily Expense', '2026-03-03', '2026-05-11 19:55:05', '2026-05-11 19:55:05'),
(170, 12, 2, -865.03, 'income', 'Daily Expense', '2026-03-15', '2026-05-11 19:55:05', '2026-05-11 19:55:05'),
(171, 12, 1, -1072.21, 'expense', 'Daily Expense', '2026-04-25', '2026-05-11 19:55:05', '2026-05-11 19:55:05'),
(172, 12, 7, 2741.79, 'income', 'Salary Payment', '2026-04-21', '2026-05-11 19:55:05', '2026-05-11 19:55:05'),
(173, 12, 9, 957.69, 'expense', 'Salary Payment', '2026-03-27', '2026-05-11 19:55:05', '2026-05-11 19:55:05'),
(174, 12, 6, -652.40, 'income', 'Daily Expense', '2026-03-17', '2026-05-11 19:55:05', '2026-05-11 19:55:05'),
(175, 12, 1, -822.79, 'income', 'Daily Expense', '2026-03-22', '2026-05-11 19:55:05', '2026-05-11 19:55:05'),
(176, 12, 4, -1035.40, 'income', 'Daily Expense', '2026-03-26', '2026-05-11 19:55:05', '2026-05-11 19:55:05'),
(177, 12, 10, -562.89, 'income', 'Salary Payment', '2026-03-28', '2026-05-11 19:55:05', '2026-05-11 19:55:05'),
(178, 12, 8, -1489.85, 'expense', 'Daily Expense', '2026-03-22', '2026-05-11 19:55:05', '2026-05-11 19:55:05'),
(179, 12, 4, -426.75, 'expense', 'Salary Payment', '2026-02-24', '2026-05-11 19:55:05', '2026-05-11 19:55:05'),
(180, 12, 5, -266.48, 'expense', 'Daily Expense', '2026-03-17', '2026-05-11 19:55:05', '2026-05-11 19:55:05'),
(181, 12, 8, -1185.43, 'income', 'Daily Expense', '2026-03-01', '2026-05-11 19:55:05', '2026-05-11 19:55:05'),
(182, 12, 8, 2099.77, 'expense', 'Daily Expense', '2026-04-01', '2026-05-11 19:55:05', '2026-05-11 19:55:05'),
(183, 3, 8, 1559.50, 'income', 'Salary Payment', '2026-04-26', '2026-05-11 19:55:05', '2026-05-11 19:55:05'),
(184, 3, 2, -1299.98, 'expense', 'Daily Expense', '2026-05-08', '2026-05-11 19:55:05', '2026-05-11 19:55:05'),
(185, 3, 9, -730.79, 'income', 'Salary Payment', '2026-04-13', '2026-05-11 19:55:05', '2026-05-11 19:55:05'),
(186, 3, 1, -1107.13, 'expense', 'Daily Expense', '2026-02-14', '2026-05-11 19:55:05', '2026-05-11 19:55:05'),
(187, 3, 1, 2621.57, 'income', 'Salary Payment', '2026-03-26', '2026-05-11 19:55:05', '2026-05-11 19:55:05'),
(188, 3, 2, 3140.28, 'expense', 'Salary Payment', '2026-03-07', '2026-05-11 19:55:05', '2026-05-11 19:55:05'),
(189, 3, 9, -166.62, 'income', 'Salary Payment', '2026-03-30', '2026-05-11 19:55:05', '2026-05-11 19:55:05'),
(190, 3, 4, -199.48, 'income', 'Salary Payment', '2026-05-04', '2026-05-11 19:55:05', '2026-05-11 19:55:05'),
(191, 3, 7, 3657.24, 'income', 'Salary Payment', '2026-03-05', '2026-05-11 19:55:05', '2026-05-11 19:55:05'),
(192, 3, 3, -357.79, 'expense', 'Daily Expense', '2026-05-09', '2026-05-11 19:55:05', '2026-05-11 19:55:05'),
(193, 3, 5, -837.51, 'expense', 'Salary Payment', '2026-04-14', '2026-05-11 19:55:05', '2026-05-11 19:55:05'),
(194, 3, 8, 644.38, 'income', 'Daily Expense', '2026-03-26', '2026-05-11 19:55:05', '2026-05-11 19:55:05'),
(195, 3, 9, 1093.81, 'expense', 'Daily Expense', '2026-05-10', '2026-05-11 19:55:05', '2026-05-11 19:55:05'),
(196, 3, 8, 4995.50, 'income', 'Salary Payment', '2026-02-22', '2026-05-11 19:55:05', '2026-05-11 19:55:05'),
(197, 3, 5, 2436.86, 'income', 'Salary Payment', '2026-03-01', '2026-05-11 19:55:05', '2026-05-11 19:55:05'),
(198, 3, 4, -325.99, 'expense', 'Salary Payment', '2026-04-25', '2026-05-11 19:55:05', '2026-05-11 19:55:05'),
(199, 3, 3, 4537.32, 'income', 'Salary Payment', '2026-02-12', '2026-05-11 19:55:05', '2026-05-11 19:55:05'),
(200, 3, 1, -1120.97, 'expense', 'Salary Payment', '2026-03-22', '2026-05-11 19:55:05', '2026-05-11 19:55:05'),
(201, 3, 10, 4786.67, 'income', 'Daily Expense', '2026-03-07', '2026-05-11 19:55:05', '2026-05-11 19:55:05'),
(202, 3, 3, -1296.51, 'income', 'Daily Expense', '2026-02-23', '2026-05-11 19:55:05', '2026-05-11 19:55:05'),
(203, 3, 10, -410.75, 'income', 'Salary Payment', '2026-05-06', '2026-05-11 19:55:05', '2026-05-11 19:55:05'),
(204, 3, 6, -651.94, 'income', 'Salary Payment', '2026-04-01', '2026-05-11 19:55:05', '2026-05-11 19:55:05'),
(205, 3, 3, -488.34, 'expense', 'Daily Expense', '2026-04-25', '2026-05-11 19:55:05', '2026-05-11 19:55:05'),
(206, 3, 8, -1470.21, 'income', 'Salary Payment', '2026-03-06', '2026-05-11 19:55:05', '2026-05-11 19:55:05'),
(207, 3, 1, 2119.35, 'expense', 'Daily Expense', '2026-04-05', '2026-05-11 19:55:05', '2026-05-11 19:55:05'),
(208, 13, 6, 3759.33, 'income', 'Salary Payment', '2026-03-24', '2026-05-11 19:55:05', '2026-05-11 19:55:05'),
(209, 13, 8, -1546.26, 'income', 'Daily Expense', '2026-04-08', '2026-05-11 19:55:05', '2026-05-11 19:55:05'),
(210, 13, 7, -1016.26, 'income', 'Daily Expense', '2026-03-23', '2026-05-11 19:55:05', '2026-05-11 19:55:05'),
(211, 13, 5, 3798.79, 'income', 'Salary Payment', '2026-04-16', '2026-05-11 19:55:05', '2026-05-11 19:55:05'),
(212, 13, 6, 4633.50, 'income', 'Daily Expense', '2026-02-27', '2026-05-11 19:55:05', '2026-05-11 19:55:05'),
(213, 13, 4, -996.59, 'expense', 'Salary Payment', '2026-03-27', '2026-05-11 19:55:05', '2026-05-11 19:55:05'),
(214, 13, 2, -1130.37, 'expense', 'Salary Payment', '2026-02-23', '2026-05-11 19:55:05', '2026-05-11 19:55:05'),
(215, 13, 7, -998.00, 'income', 'Daily Expense', '2026-04-19', '2026-05-11 19:55:05', '2026-05-11 19:55:05'),
(216, 13, 9, 3093.07, 'expense', 'Daily Expense', '2026-04-19', '2026-05-11 19:55:05', '2026-05-11 19:55:05'),
(217, 13, 9, -176.19, 'income', 'Daily Expense', '2026-02-20', '2026-05-11 19:55:05', '2026-05-11 19:55:05'),
(218, 13, 7, -736.47, 'income', 'Daily Expense', '2026-04-05', '2026-05-11 19:55:05', '2026-05-11 19:55:05'),
(219, 13, 10, 4505.72, 'expense', 'Salary Payment', '2026-03-17', '2026-05-11 19:55:05', '2026-05-11 19:55:05'),
(220, 13, 8, 704.28, 'income', 'Salary Payment', '2026-04-27', '2026-05-11 19:55:05', '2026-05-11 19:55:05'),
(221, 13, 10, -954.30, 'income', 'Daily Expense', '2026-02-21', '2026-05-11 19:55:05', '2026-05-11 19:55:05'),
(222, 13, 7, 3548.94, 'income', 'Daily Expense', '2026-04-21', '2026-05-11 19:55:05', '2026-05-11 19:55:05'),
(223, 13, 1, -1408.31, 'expense', 'Daily Expense', '2026-04-24', '2026-05-11 19:55:05', '2026-05-11 19:55:05'),
(224, 13, 8, -1114.46, 'expense', 'Daily Expense', '2026-03-14', '2026-05-11 19:55:05', '2026-05-11 19:55:05'),
(225, 13, 4, 1325.81, 'income', 'Daily Expense', '2026-02-17', '2026-05-11 19:55:05', '2026-05-11 19:55:05'),
(226, 13, 6, -747.14, 'expense', 'Salary Payment', '2026-04-26', '2026-05-11 19:55:05', '2026-05-11 19:55:05'),
(227, 13, 6, -1042.25, 'income', 'Salary Payment', '2026-04-30', '2026-05-11 19:55:05', '2026-05-11 19:55:05'),
(228, 13, 1, 528.15, 'income', 'Daily Expense', '2026-03-28', '2026-05-11 19:55:05', '2026-05-11 19:55:05'),
(229, 13, 8, -310.54, 'expense', 'Salary Payment', '2026-03-21', '2026-05-11 19:55:05', '2026-05-11 19:55:05'),
(230, 13, 3, 4190.08, 'income', 'Salary Payment', '2026-05-04', '2026-05-11 19:55:05', '2026-05-11 19:55:05'),
(231, 13, 6, 2664.89, 'income', 'Salary Payment', '2026-02-28', '2026-05-11 19:55:05', '2026-05-11 19:55:05'),
(232, 13, 5, 223.42, 'expense', 'Daily Expense', '2026-05-04', '2026-05-11 19:55:05', '2026-05-11 19:55:05'),
(233, 4, 5, -1078.86, 'income', 'Salary Payment', '2026-03-07', '2026-05-11 19:55:05', '2026-05-11 19:55:05'),
(234, 4, 9, -1226.40, 'expense', 'Salary Payment', '2026-05-06', '2026-05-11 19:55:05', '2026-05-11 19:55:05'),
(235, 4, 9, 4799.17, 'expense', 'Salary Payment', '2026-03-31', '2026-05-11 19:55:05', '2026-05-11 19:55:05'),
(236, 4, 7, -741.05, 'income', 'Daily Expense', '2026-04-03', '2026-05-11 19:55:05', '2026-05-11 19:55:05'),
(237, 4, 8, -761.80, 'expense', 'Salary Payment', '2026-03-26', '2026-05-11 19:55:05', '2026-05-11 19:55:05'),
(238, 4, 10, -881.89, 'income', 'Salary Payment', '2026-04-05', '2026-05-11 19:55:05', '2026-05-11 19:55:05'),
(239, 4, 6, 2734.48, 'income', 'Salary Payment', '2026-04-25', '2026-05-11 19:55:05', '2026-05-11 19:55:05'),
(240, 4, 4, -617.38, 'expense', 'Salary Payment', '2026-04-12', '2026-05-11 19:55:05', '2026-05-11 19:55:05'),
(241, 4, 1, -507.73, 'income', 'Daily Expense', '2026-03-31', '2026-05-11 19:55:05', '2026-05-11 19:55:05'),
(242, 4, 5, -1159.39, 'income', 'Salary Payment', '2026-03-11', '2026-05-11 19:55:05', '2026-05-11 19:55:05'),
(243, 4, 4, 5019.21, 'expense', 'Daily Expense', '2026-04-27', '2026-05-11 19:55:05', '2026-05-11 19:55:05'),
(244, 4, 9, 1610.73, 'income', 'Salary Payment', '2026-02-26', '2026-05-11 19:55:05', '2026-05-11 19:55:05'),
(245, 4, 2, -339.85, 'income', 'Salary Payment', '2026-05-06', '2026-05-11 19:55:05', '2026-05-11 19:55:05'),
(246, 4, 6, 161.62, 'expense', 'Daily Expense', '2026-04-22', '2026-05-11 19:55:05', '2026-05-11 19:55:05'),
(247, 4, 2, 1769.91, 'income', 'Daily Expense', '2026-03-04', '2026-05-11 19:55:05', '2026-05-11 19:55:05'),
(248, 4, 10, 2433.07, 'expense', 'Salary Payment', '2026-02-18', '2026-05-11 19:55:05', '2026-05-11 19:55:05'),
(249, 4, 8, 3428.89, 'expense', 'Salary Payment', '2026-03-24', '2026-05-11 19:55:05', '2026-05-11 19:55:05'),
(250, 4, 9, 4409.17, 'expense', 'Salary Payment', '2026-03-28', '2026-05-11 19:55:05', '2026-05-11 19:55:05'),
(251, 4, 6, -1317.83, 'expense', 'Daily Expense', '2026-04-04', '2026-05-11 19:55:05', '2026-05-11 19:55:05'),
(252, 4, 7, 2467.19, 'income', 'Daily Expense', '2026-03-15', '2026-05-11 19:55:05', '2026-05-11 19:55:05'),
(253, 4, 1, -455.87, 'income', 'Salary Payment', '2026-04-04', '2026-05-11 19:55:05', '2026-05-11 19:55:05'),
(254, 4, 7, -1497.47, 'expense', 'Daily Expense', '2026-02-13', '2026-05-11 19:55:05', '2026-05-11 19:55:05'),
(255, 4, 6, 2647.47, 'income', 'Daily Expense', '2026-03-20', '2026-05-11 19:55:05', '2026-05-11 19:55:05'),
(256, 4, 5, -1227.26, 'income', 'Daily Expense', '2026-05-04', '2026-05-11 19:55:05', '2026-05-11 19:55:05'),
(257, 4, 4, -308.25, 'income', 'Daily Expense', '2026-03-16', '2026-05-11 19:55:05', '2026-05-11 19:55:05'),
(258, 14, 4, 2227.36, 'expense', 'Salary Payment', '2026-04-29', '2026-05-11 19:55:05', '2026-05-11 19:55:05'),
(259, 14, 1, 2761.43, 'expense', 'Salary Payment', '2026-02-23', '2026-05-11 19:55:05', '2026-05-11 19:55:05'),
(260, 14, 8, 3716.36, 'income', 'Daily Expense', '2026-03-24', '2026-05-11 19:55:05', '2026-05-11 19:55:05'),
(261, 14, 8, -1322.13, 'expense', 'Salary Payment', '2026-04-23', '2026-05-11 19:55:05', '2026-05-11 19:55:05'),
(262, 14, 4, 3502.50, 'income', 'Daily Expense', '2026-02-24', '2026-05-11 19:55:05', '2026-05-11 19:55:05'),
(263, 14, 8, -356.00, 'expense', 'Salary Payment', '2026-03-26', '2026-05-11 19:55:05', '2026-05-11 19:55:05'),
(264, 14, 7, 2509.47, 'expense', 'Daily Expense', '2026-03-08', '2026-05-11 19:55:05', '2026-05-11 19:55:05'),
(265, 14, 6, -624.48, 'income', 'Salary Payment', '2026-04-17', '2026-05-11 19:55:05', '2026-05-11 19:55:05'),
(266, 14, 2, -223.64, 'expense', 'Salary Payment', '2026-05-10', '2026-05-11 19:55:05', '2026-05-11 19:55:05'),
(267, 14, 6, 2118.95, 'income', 'Daily Expense', '2026-03-02', '2026-05-11 19:55:05', '2026-05-11 19:55:05'),
(268, 14, 5, -147.43, 'income', 'Salary Payment', '2026-02-15', '2026-05-11 19:55:05', '2026-05-11 19:55:05'),
(269, 14, 4, 4212.84, 'expense', 'Daily Expense', '2026-04-15', '2026-05-11 19:55:05', '2026-05-11 19:55:05'),
(270, 14, 5, -1047.79, 'income', 'Salary Payment', '2026-04-27', '2026-05-11 19:55:05', '2026-05-11 19:55:05'),
(271, 14, 1, 3345.47, 'expense', 'Salary Payment', '2026-03-12', '2026-05-11 19:55:05', '2026-05-11 19:55:05'),
(272, 14, 9, -392.55, 'income', 'Salary Payment', '2026-04-30', '2026-05-11 19:55:05', '2026-05-11 19:55:05'),
(273, 14, 1, -71.62, 'income', 'Daily Expense', '2026-03-08', '2026-05-11 19:55:05', '2026-05-11 19:55:05'),
(274, 14, 2, -1526.85, 'income', 'Salary Payment', '2026-04-05', '2026-05-11 19:55:05', '2026-05-11 19:55:05'),
(275, 14, 3, -859.83, 'income', 'Salary Payment', '2026-04-10', '2026-05-11 19:55:05', '2026-05-11 19:55:05'),
(276, 14, 8, 1868.28, 'income', 'Salary Payment', '2026-02-23', '2026-05-11 19:55:05', '2026-05-11 19:55:05'),
(277, 14, 8, -1133.11, 'expense', 'Salary Payment', '2026-04-07', '2026-05-11 19:55:05', '2026-05-11 19:55:05'),
(278, 14, 3, -732.40, 'expense', 'Daily Expense', '2026-02-15', '2026-05-11 19:55:05', '2026-05-11 19:55:05'),
(279, 14, 5, 3178.19, 'expense', 'Daily Expense', '2026-03-15', '2026-05-11 19:55:05', '2026-05-11 19:55:05'),
(280, 14, 4, -346.63, 'income', 'Daily Expense', '2026-03-12', '2026-05-11 19:55:05', '2026-05-11 19:55:05'),
(281, 14, 8, 782.23, 'income', 'Salary Payment', '2026-02-22', '2026-05-11 19:55:05', '2026-05-11 19:55:05'),
(282, 14, 7, 3710.66, 'expense', 'Daily Expense', '2026-04-10', '2026-05-11 19:55:05', '2026-05-11 19:55:05'),
(283, 5, 5, -326.21, 'income', 'Salary Payment', '2026-04-07', '2026-05-11 19:55:05', '2026-05-11 19:55:05'),
(284, 5, 10, 618.86, 'income', 'Daily Expense', '2026-02-27', '2026-05-11 19:55:05', '2026-05-11 19:55:05'),
(285, 5, 9, 1579.27, 'expense', 'Daily Expense', '2026-03-10', '2026-05-11 19:55:05', '2026-05-11 19:55:05'),
(286, 5, 4, 4294.94, 'expense', 'Salary Payment', '2026-04-17', '2026-05-11 19:55:05', '2026-05-11 19:55:05'),
(287, 5, 6, 2812.02, 'expense', 'Salary Payment', '2026-02-19', '2026-05-11 19:55:05', '2026-05-11 19:55:05'),
(288, 5, 10, -752.42, 'expense', 'Daily Expense', '2026-04-30', '2026-05-11 19:55:05', '2026-05-11 19:55:05'),
(289, 5, 7, -515.28, 'expense', 'Salary Payment', '2026-03-31', '2026-05-11 19:55:05', '2026-05-11 19:55:05'),
(290, 5, 3, 460.77, 'expense', 'Daily Expense', '2026-03-30', '2026-05-11 19:55:05', '2026-05-11 19:55:05'),
(291, 5, 3, 3902.61, 'expense', 'Daily Expense', '2026-05-01', '2026-05-11 19:55:05', '2026-05-11 19:55:05'),
(292, 5, 4, 3486.19, 'income', 'Daily Expense', '2026-05-05', '2026-05-11 19:55:05', '2026-05-11 19:55:05'),
(293, 5, 1, -548.17, 'expense', 'Salary Payment', '2026-03-12', '2026-05-11 19:55:05', '2026-05-11 19:55:05'),
(294, 5, 2, 4597.37, 'income', 'Salary Payment', '2026-03-02', '2026-05-11 19:55:05', '2026-05-11 19:55:05'),
(295, 5, 4, -1465.52, 'expense', 'Daily Expense', '2026-03-28', '2026-05-11 19:55:05', '2026-05-11 19:55:05'),
(296, 5, 8, -1378.19, 'expense', 'Salary Payment', '2026-03-23', '2026-05-11 19:55:05', '2026-05-11 19:55:05'),
(297, 5, 5, 947.96, 'income', 'Salary Payment', '2026-03-10', '2026-05-11 19:55:05', '2026-05-11 19:55:05'),
(298, 5, 6, 3745.55, 'income', 'Daily Expense', '2026-03-13', '2026-05-11 19:55:05', '2026-05-11 19:55:05'),
(299, 5, 9, -507.14, 'expense', 'Daily Expense', '2026-03-28', '2026-05-11 19:55:05', '2026-05-11 19:55:05'),
(300, 5, 5, 2618.62, 'income', 'Daily Expense', '2026-02-21', '2026-05-11 19:55:05', '2026-05-11 19:55:05'),
(301, 5, 2, -736.46, 'income', 'Daily Expense', '2026-03-16', '2026-05-11 19:55:05', '2026-05-11 19:55:05'),
(302, 5, 8, 4994.15, 'expense', 'Daily Expense', '2026-04-13', '2026-05-11 19:55:05', '2026-05-11 19:55:05'),
(303, 5, 8, 280.33, 'expense', 'Daily Expense', '2026-04-15', '2026-05-11 19:55:05', '2026-05-11 19:55:05'),
(304, 5, 9, -509.06, 'expense', 'Salary Payment', '2026-03-16', '2026-05-11 19:55:05', '2026-05-11 19:55:05'),
(305, 5, 4, 4239.56, 'expense', 'Daily Expense', '2026-04-12', '2026-05-11 19:55:05', '2026-05-11 19:55:05'),
(306, 5, 6, 4250.05, 'expense', 'Salary Payment', '2026-03-22', '2026-05-11 19:55:05', '2026-05-11 19:55:05'),
(307, 5, 10, 3552.25, 'income', 'Salary Payment', '2026-05-10', '2026-05-11 19:55:05', '2026-05-11 19:55:05'),
(308, 15, 5, -822.94, 'expense', 'Salary Payment', '2026-02-26', '2026-05-11 19:55:05', '2026-05-11 19:55:05'),
(309, 15, 8, -1091.53, 'income', 'Salary Payment', '2026-05-05', '2026-05-11 19:55:05', '2026-05-11 19:55:05'),
(310, 15, 7, 3593.76, 'income', 'Salary Payment', '2026-05-06', '2026-05-11 19:55:05', '2026-05-11 19:55:05'),
(311, 15, 4, -192.11, 'expense', 'Salary Payment', '2026-02-19', '2026-05-11 19:55:05', '2026-05-11 19:55:05'),
(312, 15, 8, -1281.13, 'expense', 'Salary Payment', '2026-04-21', '2026-05-11 19:55:05', '2026-05-11 19:55:05'),
(313, 15, 5, 2260.35, 'income', 'Salary Payment', '2026-04-15', '2026-05-11 19:55:05', '2026-05-11 19:55:05'),
(314, 15, 3, -938.03, 'expense', 'Daily Expense', '2026-03-26', '2026-05-11 19:55:05', '2026-05-11 19:55:05'),
(315, 15, 9, 4994.00, 'expense', 'Salary Payment', '2026-03-29', '2026-05-11 19:55:05', '2026-05-11 19:55:05'),
(316, 15, 8, -1373.90, 'income', 'Daily Expense', '2026-03-11', '2026-05-11 19:55:05', '2026-05-11 19:55:05'),
(317, 15, 8, 2178.18, 'expense', 'Salary Payment', '2026-02-16', '2026-05-11 19:55:05', '2026-05-11 19:55:05'),
(318, 15, 7, -360.04, 'expense', 'Daily Expense', '2026-05-04', '2026-05-11 19:55:05', '2026-05-11 19:55:05'),
(319, 15, 10, 3522.78, 'expense', 'Daily Expense', '2026-03-14', '2026-05-11 19:55:05', '2026-05-11 19:55:05'),
(320, 15, 1, -818.22, 'income', 'Daily Expense', '2026-04-03', '2026-05-11 19:55:05', '2026-05-11 19:55:05'),
(321, 15, 5, -100.89, 'income', 'Daily Expense', '2026-04-16', '2026-05-11 19:55:05', '2026-05-11 19:55:05'),
(322, 15, 3, -1491.05, 'income', 'Daily Expense', '2026-04-29', '2026-05-11 19:55:05', '2026-05-11 19:55:05'),
(323, 15, 4, -1381.95, 'expense', 'Salary Payment', '2026-04-07', '2026-05-11 19:55:05', '2026-05-11 19:55:05'),
(324, 15, 1, 3432.98, 'expense', 'Daily Expense', '2026-02-12', '2026-05-11 19:55:05', '2026-05-11 19:55:05'),
(325, 15, 5, -1395.68, 'income', 'Daily Expense', '2026-04-29', '2026-05-11 19:55:05', '2026-05-11 19:55:05'),
(326, 15, 5, 922.10, 'expense', 'Salary Payment', '2026-04-14', '2026-05-11 19:55:05', '2026-05-11 19:55:05'),
(327, 15, 9, -674.59, 'income', 'Salary Payment', '2026-02-17', '2026-05-11 19:55:05', '2026-05-11 19:55:05'),
(328, 15, 1, 3029.59, 'expense', 'Salary Payment', '2026-02-14', '2026-05-11 19:55:05', '2026-05-11 19:55:05'),
(329, 15, 2, 3486.15, 'income', 'Salary Payment', '2026-04-09', '2026-05-11 19:55:05', '2026-05-11 19:55:05'),
(330, 15, 10, -898.37, 'expense', 'Salary Payment', '2026-03-27', '2026-05-11 19:55:05', '2026-05-11 19:55:05'),
(331, 15, 9, 2550.41, 'income', 'Salary Payment', '2026-04-01', '2026-05-11 19:55:05', '2026-05-11 19:55:05'),
(332, 15, 6, -1168.34, 'expense', 'Daily Expense', '2026-03-27', '2026-05-11 19:55:05', '2026-05-11 19:55:05'),
(333, 6, 4, -146.20, 'income', 'Daily Expense', '2026-03-22', '2026-05-11 19:55:05', '2026-05-11 19:55:05'),
(334, 6, 5, 2576.99, 'expense', 'Salary Payment', '2026-04-08', '2026-05-11 19:55:05', '2026-05-11 19:55:05'),
(335, 6, 1, -106.30, 'expense', 'Daily Expense', '2026-05-05', '2026-05-11 19:55:05', '2026-05-11 19:55:05'),
(336, 6, 2, -109.94, 'income', 'Daily Expense', '2026-04-28', '2026-05-11 19:55:05', '2026-05-11 19:55:05'),
(337, 6, 4, -405.96, 'income', 'Daily Expense', '2026-02-26', '2026-05-11 19:55:05', '2026-05-11 19:55:05'),
(338, 6, 2, -1275.96, 'expense', 'Salary Payment', '2026-05-08', '2026-05-11 19:55:05', '2026-05-11 19:55:05'),
(339, 6, 4, 3181.33, 'income', 'Salary Payment', '2026-04-06', '2026-05-11 19:55:05', '2026-05-11 19:55:05'),
(340, 6, 6, 160.35, 'income', 'Salary Payment', '2026-04-16', '2026-05-11 19:55:05', '2026-05-11 19:55:05'),
(341, 6, 7, -559.78, 'income', 'Salary Payment', '2026-03-24', '2026-05-11 19:55:05', '2026-05-11 19:55:05'),
(342, 6, 10, -1404.99, 'expense', 'Daily Expense', '2026-03-07', '2026-05-11 19:55:05', '2026-05-11 19:55:05'),
(343, 6, 2, -1176.28, 'expense', 'Daily Expense', '2026-04-01', '2026-05-11 19:55:05', '2026-05-11 19:55:05'),
(344, 6, 7, -650.44, 'income', 'Daily Expense', '2026-02-12', '2026-05-11 19:55:05', '2026-05-11 19:55:05'),
(345, 6, 7, -1403.47, 'expense', 'Salary Payment', '2026-03-17', '2026-05-11 19:55:05', '2026-05-11 19:55:05'),
(346, 6, 5, -418.94, 'expense', 'Salary Payment', '2026-02-16', '2026-05-11 19:55:05', '2026-05-11 19:55:05'),
(347, 6, 4, -162.61, 'expense', 'Daily Expense', '2026-03-01', '2026-05-11 19:55:05', '2026-05-11 19:55:05'),
(348, 6, 6, 561.70, 'income', 'Daily Expense', '2026-05-04', '2026-05-11 19:55:05', '2026-05-11 19:55:05'),
(349, 6, 1, 1412.08, 'income', 'Salary Payment', '2026-03-08', '2026-05-11 19:55:05', '2026-05-11 19:55:05'),
(350, 6, 3, -1510.29, 'expense', 'Daily Expense', '2026-03-16', '2026-05-11 19:55:05', '2026-05-11 19:55:05'),
(351, 6, 6, -1068.58, 'expense', 'Salary Payment', '2026-03-31', '2026-05-11 19:55:05', '2026-05-11 19:55:05'),
(352, 6, 7, 3054.31, 'income', 'Salary Payment', '2026-02-28', '2026-05-11 19:55:05', '2026-05-11 19:55:05'),
(353, 6, 10, -918.42, 'expense', 'Salary Payment', '2026-03-24', '2026-05-11 19:55:05', '2026-05-11 19:55:05'),
(354, 6, 1, 1421.78, 'expense', 'Daily Expense', '2026-03-12', '2026-05-11 19:55:05', '2026-05-11 19:55:05'),
(355, 6, 9, -869.59, 'expense', 'Daily Expense', '2026-03-19', '2026-05-11 19:55:05', '2026-05-11 19:55:05'),
(356, 6, 9, 3640.78, 'income', 'Daily Expense', '2026-03-15', '2026-05-11 19:55:05', '2026-05-11 19:55:05'),
(357, 6, 9, -1009.34, 'income', 'Daily Expense', '2026-05-09', '2026-05-11 19:55:05', '2026-05-11 19:55:05'),
(358, 7, 3, -635.22, 'income', 'Daily Expense', '2026-04-13', '2026-05-11 19:55:05', '2026-05-11 19:55:05'),
(359, 7, 4, 3325.56, 'expense', 'Daily Expense', '2026-05-02', '2026-05-11 19:55:05', '2026-05-11 19:55:05'),
(360, 7, 9, 2390.80, 'income', 'Daily Expense', '2026-03-13', '2026-05-11 19:55:05', '2026-05-11 19:55:05'),
(361, 7, 5, -343.99, 'income', 'Daily Expense', '2026-02-16', '2026-05-11 19:55:05', '2026-05-11 19:55:05'),
(362, 7, 7, -1200.89, 'income', 'Salary Payment', '2026-05-07', '2026-05-11 19:55:05', '2026-05-11 19:55:05'),
(363, 7, 5, -286.65, 'income', 'Salary Payment', '2026-04-13', '2026-05-11 19:55:05', '2026-05-11 19:55:05'),
(364, 7, 10, 4385.64, 'expense', 'Salary Payment', '2026-05-03', '2026-05-11 19:55:05', '2026-05-11 19:55:05'),
(365, 7, 9, 1705.20, 'income', 'Daily Expense', '2026-04-27', '2026-05-11 19:55:05', '2026-05-11 19:55:05'),
(366, 7, 5, 2493.35, 'expense', 'Salary Payment', '2026-02-23', '2026-05-11 19:55:05', '2026-05-11 19:55:05'),
(367, 7, 5, 3088.11, 'expense', 'Daily Expense', '2026-03-11', '2026-05-11 19:55:05', '2026-05-11 19:55:05'),
(368, 7, 10, 2924.51, 'income', 'Daily Expense', '2026-03-07', '2026-05-11 19:55:05', '2026-05-11 19:55:05'),
(369, 7, 1, 1105.42, 'expense', 'Salary Payment', '2026-04-09', '2026-05-11 19:55:05', '2026-05-11 19:55:05'),
(370, 7, 6, 1412.24, 'income', 'Daily Expense', '2026-04-13', '2026-05-11 19:55:05', '2026-05-11 19:55:05'),
(371, 7, 9, 4623.31, 'income', 'Daily Expense', '2026-02-16', '2026-05-11 19:55:05', '2026-05-11 19:55:05'),
(372, 7, 2, -1034.85, 'expense', 'Salary Payment', '2026-04-25', '2026-05-11 19:55:05', '2026-05-11 19:55:05'),
(373, 7, 1, 399.91, 'income', 'Daily Expense', '2026-02-28', '2026-05-11 19:55:05', '2026-05-11 19:55:05'),
(374, 7, 9, 169.98, 'expense', 'Daily Expense', '2026-04-14', '2026-05-11 19:55:05', '2026-05-11 19:55:05'),
(375, 7, 3, -192.43, 'expense', 'Salary Payment', '2026-04-11', '2026-05-11 19:55:05', '2026-05-11 19:55:05'),
(376, 7, 1, -607.95, 'income', 'Salary Payment', '2026-03-12', '2026-05-11 19:55:05', '2026-05-11 19:55:05'),
(377, 7, 7, -489.41, 'income', 'Salary Payment', '2026-04-02', '2026-05-11 19:55:05', '2026-05-11 19:55:05'),
(378, 7, 1, 4351.36, 'income', 'Daily Expense', '2026-04-15', '2026-05-11 19:55:05', '2026-05-11 19:55:05'),
(379, 7, 5, -465.10, 'expense', 'Daily Expense', '2026-04-15', '2026-05-11 19:55:05', '2026-05-11 19:55:05'),
(380, 7, 6, 1651.84, 'expense', 'Daily Expense', '2026-02-28', '2026-05-11 19:55:05', '2026-05-11 19:55:05'),
(381, 7, 8, -1341.15, 'expense', 'Daily Expense', '2026-04-25', '2026-05-11 19:55:05', '2026-05-11 19:55:05'),
(382, 7, 6, -284.37, 'income', 'Salary Payment', '2026-03-15', '2026-05-11 19:55:05', '2026-05-11 19:55:05'),
(383, 8, 1, -103.45, 'income', 'Daily Expense', '2026-03-23', '2026-05-11 19:55:05', '2026-05-11 19:55:05'),
(384, 8, 8, -364.78, 'income', 'Daily Expense', '2026-02-21', '2026-05-11 19:55:05', '2026-05-11 19:55:05'),
(385, 8, 7, 3815.65, 'expense', 'Daily Expense', '2026-03-11', '2026-05-11 19:55:05', '2026-05-11 19:55:05'),
(386, 8, 5, -1436.51, 'income', 'Salary Payment', '2026-04-07', '2026-05-11 19:55:05', '2026-05-11 19:55:05'),
(387, 8, 6, 612.95, 'expense', 'Salary Payment', '2026-03-07', '2026-05-11 19:55:05', '2026-05-11 19:55:05'),
(388, 8, 7, -346.57, 'income', 'Daily Expense', '2026-04-19', '2026-05-11 19:55:05', '2026-05-11 19:55:05'),
(389, 8, 3, 4584.73, 'income', 'Salary Payment', '2026-02-17', '2026-05-11 19:55:05', '2026-05-11 19:55:05'),
(390, 8, 5, 4525.01, 'expense', 'Daily Expense', '2026-03-01', '2026-05-11 19:55:05', '2026-05-11 19:55:05'),
(391, 8, 8, -574.84, 'income', 'Daily Expense', '2026-03-14', '2026-05-11 19:55:05', '2026-05-11 19:55:05'),
(392, 8, 2, 1470.50, 'expense', 'Salary Payment', '2026-03-30', '2026-05-11 19:55:05', '2026-05-11 19:55:05'),
(393, 8, 7, 1894.22, 'income', 'Daily Expense', '2026-02-14', '2026-05-11 19:55:05', '2026-05-11 19:55:05'),
(394, 8, 9, -666.42, 'income', 'Daily Expense', '2026-02-24', '2026-05-11 19:55:05', '2026-05-11 19:55:05'),
(395, 8, 1, -453.74, 'income', 'Daily Expense', '2026-03-31', '2026-05-11 19:55:05', '2026-05-11 19:55:05'),
(396, 8, 1, 2648.50, 'income', 'Daily Expense', '2026-04-09', '2026-05-11 19:55:05', '2026-05-11 19:55:05'),
(397, 8, 5, -562.62, 'income', 'Daily Expense', '2026-03-26', '2026-05-11 19:55:05', '2026-05-11 19:55:05'),
(398, 8, 4, -269.51, 'income', 'Salary Payment', '2026-03-06', '2026-05-11 19:55:05', '2026-05-11 19:55:05'),
(399, 8, 1, -866.06, 'expense', 'Salary Payment', '2026-04-02', '2026-05-11 19:55:05', '2026-05-11 19:55:05'),
(400, 8, 3, -1262.06, 'income', 'Salary Payment', '2026-03-13', '2026-05-11 19:55:05', '2026-05-11 19:55:05'),
(401, 8, 2, 1151.37, 'expense', 'Daily Expense', '2026-02-17', '2026-05-11 19:55:05', '2026-05-11 19:55:05'),
(402, 8, 8, 1820.60, 'income', 'Salary Payment', '2026-03-23', '2026-05-11 19:55:05', '2026-05-11 19:55:05'),
(403, 8, 1, 2570.48, 'income', 'Daily Expense', '2026-03-05', '2026-05-11 19:55:05', '2026-05-11 19:55:05'),
(404, 8, 5, -1056.81, 'expense', 'Salary Payment', '2026-04-02', '2026-05-11 19:55:05', '2026-05-11 19:55:05'),
(405, 8, 2, -461.67, 'expense', 'Daily Expense', '2026-05-11', '2026-05-11 19:55:05', '2026-05-11 19:55:05'),
(406, 8, 10, 1757.62, 'expense', 'Salary Payment', '2026-04-17', '2026-05-11 19:55:05', '2026-05-11 19:55:05'),
(407, 8, 9, -1224.04, 'expense', 'Salary Payment', '2026-04-16', '2026-05-11 19:55:05', '2026-05-11 19:55:05'),
(408, 9, 8, 1528.83, 'expense', 'Daily Expense', '2026-04-15', '2026-05-11 19:55:05', '2026-05-11 19:55:05'),
(409, 9, 2, -1384.73, 'expense', 'Daily Expense', '2026-04-22', '2026-05-11 19:55:05', '2026-05-11 19:55:05'),
(410, 9, 7, 2554.96, 'expense', 'Daily Expense', '2026-04-08', '2026-05-11 19:55:05', '2026-05-11 19:55:05'),
(411, 9, 10, 899.19, 'expense', 'Daily Expense', '2026-02-23', '2026-05-11 19:55:05', '2026-05-11 19:55:05'),
(412, 9, 8, -638.25, 'income', 'Daily Expense', '2026-04-25', '2026-05-11 19:55:05', '2026-05-11 19:55:05'),
(413, 9, 8, -301.85, 'income', 'Daily Expense', '2026-04-01', '2026-05-11 19:55:05', '2026-05-11 19:55:05'),
(414, 9, 5, -965.61, 'expense', 'Daily Expense', '2026-03-15', '2026-05-11 19:55:05', '2026-05-11 19:55:05'),
(415, 9, 2, 1256.05, 'income', 'Daily Expense', '2026-04-07', '2026-05-11 19:55:05', '2026-05-11 19:55:05'),
(416, 9, 1, -452.70, 'expense', 'Daily Expense', '2026-04-25', '2026-05-11 19:55:05', '2026-05-11 19:55:05'),
(417, 9, 1, 694.84, 'income', 'Salary Payment', '2026-03-12', '2026-05-11 19:55:05', '2026-05-11 19:55:05'),
(418, 9, 6, 1375.83, 'income', 'Salary Payment', '2026-04-08', '2026-05-11 19:55:05', '2026-05-11 19:55:05'),
(419, 9, 4, 2907.59, 'income', 'Daily Expense', '2026-02-12', '2026-05-11 19:55:05', '2026-05-11 19:55:05'),
(420, 9, 9, -614.03, 'expense', 'Salary Payment', '2026-03-21', '2026-05-11 19:55:05', '2026-05-11 19:55:05'),
(421, 9, 7, 4488.48, 'income', 'Salary Payment', '2026-03-11', '2026-05-11 19:55:05', '2026-05-11 19:55:05'),
(422, 9, 2, 3800.92, 'expense', 'Daily Expense', '2026-02-25', '2026-05-11 19:55:05', '2026-05-11 19:55:05'),
(423, 9, 9, 1918.39, 'expense', 'Daily Expense', '2026-04-09', '2026-05-11 19:55:05', '2026-05-11 19:55:05'),
(424, 9, 4, 1634.04, 'income', 'Daily Expense', '2026-03-08', '2026-05-11 19:55:05', '2026-05-11 19:55:05'),
(425, 9, 9, -1364.95, 'expense', 'Daily Expense', '2026-02-25', '2026-05-11 19:55:05', '2026-05-11 19:55:05'),
(426, 9, 1, 2307.11, 'expense', 'Salary Payment', '2026-03-13', '2026-05-11 19:55:05', '2026-05-11 19:55:05'),
(427, 9, 5, -345.31, 'income', 'Salary Payment', '2026-02-26', '2026-05-11 19:55:05', '2026-05-11 19:55:05'),
(428, 9, 2, -875.68, 'expense', 'Daily Expense', '2026-02-28', '2026-05-11 19:55:05', '2026-05-11 19:55:05'),
(429, 9, 3, 3488.76, 'expense', 'Salary Payment', '2026-04-02', '2026-05-11 19:55:05', '2026-05-11 19:55:05'),
(430, 9, 5, 3781.19, 'expense', 'Daily Expense', '2026-05-05', '2026-05-11 19:55:05', '2026-05-11 19:55:05'),
(431, 9, 9, 517.50, 'income', 'Daily Expense', '2026-03-12', '2026-05-11 19:55:05', '2026-05-11 19:55:05'),
(432, 9, 10, 948.51, 'expense', 'Salary Payment', '2026-03-23', '2026-05-11 19:55:05', '2026-05-11 19:55:05'),
(433, 10, 9, 411.05, 'income', 'Salary Payment', '2026-04-19', '2026-05-11 19:55:05', '2026-05-11 19:55:05'),
(434, 10, 1, 482.60, 'expense', 'Salary Payment', '2026-04-01', '2026-05-11 19:55:05', '2026-05-11 19:55:05'),
(435, 10, 1, -411.64, 'income', 'Salary Payment', '2026-05-08', '2026-05-11 19:55:05', '2026-05-11 19:55:05'),
(436, 10, 10, 973.44, 'expense', 'Salary Payment', '2026-05-05', '2026-05-11 19:55:05', '2026-05-11 19:55:05'),
(437, 10, 8, 4157.93, 'expense', 'Salary Payment', '2026-05-06', '2026-05-11 19:55:05', '2026-05-11 19:55:05'),
(438, 10, 8, -1517.83, 'income', 'Daily Expense', '2026-03-15', '2026-05-11 19:55:05', '2026-05-11 19:55:05'),
(439, 10, 9, 1329.69, 'expense', 'Salary Payment', '2026-03-21', '2026-05-11 19:55:05', '2026-05-11 19:55:05'),
(440, 10, 1, 1901.17, 'income', 'Daily Expense', '2026-04-15', '2026-05-11 19:55:05', '2026-05-11 19:55:05'),
(441, 10, 4, 3886.21, 'income', 'Daily Expense', '2026-03-14', '2026-05-11 19:55:05', '2026-05-11 19:55:05'),
(442, 10, 2, 4318.69, 'expense', 'Salary Payment', '2026-02-24', '2026-05-11 19:55:05', '2026-05-11 19:55:05'),
(443, 10, 5, 1784.68, 'expense', 'Salary Payment', '2026-02-14', '2026-05-11 19:55:05', '2026-05-11 19:55:05'),
(444, 10, 8, -214.03, 'expense', 'Salary Payment', '2026-03-10', '2026-05-11 19:55:05', '2026-05-11 19:55:05'),
(445, 10, 9, 1751.03, 'income', 'Daily Expense', '2026-03-04', '2026-05-11 19:55:05', '2026-05-11 19:55:05'),
(446, 10, 7, -1211.16, 'expense', 'Salary Payment', '2026-04-01', '2026-05-11 19:55:05', '2026-05-11 19:55:05'),
(447, 10, 8, -1161.50, 'expense', 'Salary Payment', '2026-04-19', '2026-05-11 19:55:05', '2026-05-11 19:55:05'),
(448, 10, 10, 380.13, 'expense', 'Salary Payment', '2026-03-09', '2026-05-11 19:55:05', '2026-05-11 19:55:05'),
(449, 10, 10, -580.02, 'income', 'Salary Payment', '2026-05-05', '2026-05-11 19:55:05', '2026-05-11 19:55:05'),
(450, 10, 9, 2488.84, 'expense', 'Salary Payment', '2026-04-24', '2026-05-11 19:55:05', '2026-05-11 19:55:05'),
(451, 10, 4, -540.20, 'expense', 'Daily Expense', '2026-05-11', '2026-05-11 19:55:05', '2026-05-11 19:55:05'),
(452, 10, 3, -900.28, 'income', 'Salary Payment', '2026-04-22', '2026-05-11 19:55:05', '2026-05-11 19:55:05'),
(453, 10, 5, 268.41, 'expense', 'Daily Expense', '2026-02-25', '2026-05-11 19:55:05', '2026-05-11 19:55:05'),
(454, 10, 10, -814.29, 'expense', 'Daily Expense', '2026-05-11', '2026-05-11 19:55:05', '2026-05-11 19:55:05'),
(455, 10, 8, 4552.41, 'income', 'Daily Expense', '2026-05-10', '2026-05-11 19:55:05', '2026-05-11 19:55:05'),
(456, 10, 10, 2845.55, 'expense', 'Daily Expense', '2026-04-06', '2026-05-11 19:55:05', '2026-05-11 19:55:05'),
(457, 10, 5, -784.00, 'income', 'Daily Expense', '2026-03-21', '2026-05-11 19:55:05', '2026-05-11 19:55:05');

-- --------------------------------------------------------

--
-- Table structure for table `users`
--

CREATE TABLE `users` (
  `user_id` int(11) NOT NULL,
  `name` varchar(255) DEFAULT NULL,
  `email` varchar(255) NOT NULL,
  `phone` varchar(255) DEFAULT NULL,
  `password` varchar(255) DEFAULT NULL,
  `created_at` timestamp NULL DEFAULT current_timestamp(),
  `updated` timestamp NULL DEFAULT current_timestamp() ON UPDATE current_timestamp(),
  `is_active` tinyint(1) DEFAULT 1,
  `role` enum('admin','user') DEFAULT 'user'
) ENGINE=InnoDB DEFAULT CHARSET=utf8mb4 COLLATE=utf8mb4_general_ci;

--
-- Dumping data for table `users`
--

INSERT INTO `users` (`user_id`, `name`, `email`, `phone`, `password`, `created_at`, `updated`, `is_active`, `role`) VALUES
(1, 'Alice Johnson', 'alice.johnson@email.com', '555-001-0001', 'password', '2026-04-21 11:29:32', '2026-05-11 19:39:58', 1, 'user'),
(2, 'Bob Smith', 'bob.smith@email.com', '555-001-0002', 'password', '2026-04-21 11:29:32', '2026-05-01 12:42:18', 1, 'user'),
(3, 'Carol Williams', 'carol.williams@email.com', '555-001-0003', 'password', '2026-04-21 11:29:32', '2026-05-01 12:42:24', 1, 'user'),
(4, 'David Brown', 'david.brown@email.com', '555-001-0004', 'password', '2026-04-21 11:29:32', '2026-05-11 20:01:39', 0, 'user'),
(5, 'Eva Martinez', 'eva.martinez@email.com', '555-001-0005', 'password', '2026-04-21 11:29:32', '2026-05-11 19:56:10', 1, 'user'),
(6, 'Frank Garcia', 'frank.garcia@email.com', '555-001-0006', 'password', '2026-04-21 11:29:32', '2026-05-11 19:56:10', 1, 'user'),
(7, 'Grace Lee', 'grace.lee@email.com', '555-001-0007', 'hashed_password_7', '2026-04-21 11:29:32', '2026-04-21 11:29:32', 0, 'user'),
(8, 'Henry Wilson', 'henry.wilson@email.com', '555-001-0008', 'password', '2026-04-21 11:29:32', '2026-05-11 19:56:10', 1, 'user'),
(9, 'Isla Anderson', 'isla.anderson@email.com', '555-001-0009', 'password', '2026-04-21 11:29:32', '2026-05-11 19:56:10', 1, 'user'),
(10, 'James Taylor', 'james.taylor@email.com', '555-001-0010', 'hashed_password_10', '2026-04-21 11:29:32', '2026-04-21 11:29:32', 0, 'user'),
(11, 'Alice Johnson', 'alice@gmail.com', '1111111111', 'password', '2026-04-30 23:13:54', '2026-05-11 19:56:10', 1, 'user'),
(12, 'Bob Smith', 'bob@gmail.com', '2222222222', 'password', '2026-04-30 23:13:54', '2026-05-11 19:56:10', 1, 'user'),
(13, 'Carol Williams', 'carol@gmail.com', '3333333333', 'password', '2026-04-30 23:13:54', '2026-05-11 19:56:10', 1, 'user'),
(14, 'David Brown', 'david@gmail.com', '4444444444', 'password', '2026-04-30 23:13:54', '2026-05-11 19:56:10', 1, 'user'),
(15, 'Eva Martinez', 'eva@gmail.com', '5555555555', 'password', '2026-04-30 23:13:54', '2026-05-07 12:09:58', 1, 'admin'),
(16, '', '', '', '', '2026-05-09 13:01:09', '2026-05-11 15:58:58', 0, 'user'),
(19, '?', '?', '?', '?', '2026-05-09 13:03:29', '2026-05-11 15:58:56', 0, 'user'),
(21, 'Mohan Kewat', 'mohankewat108@gmail.com', '71565497', 'password', '2026-05-11 20:37:40', '2026-05-11 20:37:40', 1, 'user'),
(22, 'abc', 'abc@gmail.com', '12345678', 'password', '2026-05-11 20:38:37', '2026-05-11 20:38:37', 1, 'user'),
(23, 'xyz', 'xyz@gmail.com', '098765432', 'password', '2026-05-11 20:42:02', '2026-05-11 20:42:02', 1, 'user');

--
-- Indexes for dumped tables
--

--
-- Indexes for table `categories`
--
ALTER TABLE `categories`
  ADD PRIMARY KEY (`category_id`),
  ADD KEY `user_id` (`user_id`);

--
-- Indexes for table `expenses`
--
ALTER TABLE `expenses`
  ADD PRIMARY KEY (`expense_id`),
  ADD KEY `fk_expenses_user` (`user_id`),
  ADD KEY `fk_expenses_category` (`category_id`);

--
-- Indexes for table `transactions`
--
ALTER TABLE `transactions`
  ADD PRIMARY KEY (`transaction_id`),
  ADD KEY `fk_transactions_user` (`user_id`),
  ADD KEY `fk_transactions_category` (`category_id`);

--
-- Indexes for table `users`
--
ALTER TABLE `users`
  ADD PRIMARY KEY (`user_id`),
  ADD UNIQUE KEY `email` (`email`);

--
-- AUTO_INCREMENT for dumped tables
--

--
-- AUTO_INCREMENT for table `categories`
--
ALTER TABLE `categories`
  MODIFY `category_id` int(11) NOT NULL AUTO_INCREMENT, AUTO_INCREMENT=15;

--
-- AUTO_INCREMENT for table `expenses`
--
ALTER TABLE `expenses`
  MODIFY `expense_id` int(11) NOT NULL AUTO_INCREMENT, AUTO_INCREMENT=11;

--
-- AUTO_INCREMENT for table `transactions`
--
ALTER TABLE `transactions`
  MODIFY `transaction_id` int(11) NOT NULL AUTO_INCREMENT, AUTO_INCREMENT=544;

--
-- AUTO_INCREMENT for table `users`
--
ALTER TABLE `users`
  MODIFY `user_id` int(11) NOT NULL AUTO_INCREMENT, AUTO_INCREMENT=24;

--
-- Constraints for dumped tables
--

--
-- Constraints for table `categories`
--
ALTER TABLE `categories`
  ADD CONSTRAINT `categories_ibfk_1` FOREIGN KEY (`user_id`) REFERENCES `users` (`user_id`);

--
-- Constraints for table `expenses`
--
ALTER TABLE `expenses`
  ADD CONSTRAINT `fk_expenses_category` FOREIGN KEY (`category_id`) REFERENCES `categories` (`category_id`),
  ADD CONSTRAINT `fk_expenses_user` FOREIGN KEY (`user_id`) REFERENCES `users` (`user_id`);

--
-- Constraints for table `transactions`
--
ALTER TABLE `transactions`
  ADD CONSTRAINT `fk_transactions_category` FOREIGN KEY (`category_id`) REFERENCES `categories` (`category_id`),
  ADD CONSTRAINT `fk_transactions_user` FOREIGN KEY (`user_id`) REFERENCES `users` (`user_id`);
COMMIT;

/*!40101 SET CHARACTER_SET_CLIENT=@OLD_CHARACTER_SET_CLIENT */;
/*!40101 SET CHARACTER_SET_RESULTS=@OLD_CHARACTER_SET_RESULTS */;
/*!40101 SET COLLATION_CONNECTION=@OLD_COLLATION_CONNECTION */;
